{
    "name": "spm-check",
    "version": "1.0.0",
    "author": "Joco223",
    "title": "SPM Check",
    "factorio_version": "2.0",
    "description": "Mod that gates research based on SPM of players base.",
    "dependencies": [
        "base",
        "? space-age",
        "flib >= 0.15.0"
    ],
    "quality_required": false,
    "space_travel_required": false,
    "spoiling_required": true,
    "freezing_required": false,
    "segmented_units_required": false,
    "expansion_shaders_required": false
}